Account,Campaign,Callout text
743-891-1939,DE_Search_Möbelmontage_Nürnberg,12 Jahre Erfahrung
743-891-1939,DE_Search_Möbelmontage_Nürnberg,Festpreis-Garantie
743-891-1939,DE_Search_Möbelmontage_Nürnberg,Kostenlose Anfahrt
743-891-1939,DE_Search_Möbelmontage_Nürnberg,Werkzeug inklusive
743-891-1939,DE_Search_Möbelmontage_Nürnberg,Alle Marken
743-891-1939,DE_Search_Möbelmontage_Nürnberg,Express-Service
743-891-1939,DE_Search_Möbelmontage_Nürnberg,Wochenend-Termine
743-891-1939,DE_Search_Möbelmontage_Nürnberg,WhatsApp Support
743-891-1939,DE_Search_Möbelmontage_Nürnberg,5.000+ Kunden
743-891-1939,DE_Search_Möbelmontage_Nürnberg,Termin in 24h
743-891-1939,DE_Search_Küchenmontage_Nürnberg,12 Jahre Erfahrung
743-891-1939,DE_Search_Küchenmontage_Nürnberg,Festpreis-Garantie
743-891-1939,DE_Search_Küchenmontage_Nürnberg,Inkl. Anschlüsse
743-891-1939,DE_Search_Küchenmontage_Nürnberg,Werkzeug inklusive
743-891-1939,DE_Search_Küchenmontage_Nürnberg,IKEA Spezialist
743-891-1939,DE_Search_Küchenmontage_Nürnberg,Express-Service
743-891-1939,DE_Search_Küchenmontage_Nürnberg,Wochenend-Termine
743-891-1939,DE_Search_Küchenmontage_Nürnberg,Komplettservice
743-891-1939,DE_Search_IKEA_Montage_Nürnberg,12 Jahre Erfahrung
743-891-1939,DE_Search_IKEA_Montage_Nürnberg,Festpreis-Garantie
743-891-1939,DE_Search_IKEA_Montage_Nürnberg,IKEA Spezialist
743-891-1939,DE_Search_IKEA_Montage_Nürnberg,Werkzeug inklusive
743-891-1939,DE_Search_IKEA_Montage_Nürnberg,PAX Experte
743-891-1939,DE_Search_IKEA_Montage_Nürnberg,Express-Service
743-891-1939,DE_Search_IKEA_Montage_Nürnberg,Wochenend-Termine
743-891-1939,DE_Search_IKEA_Montage_Nürnberg,5.000+ Kunden
