Account,Campaign,Ad Group,Keyword,Match Type
743-891-1939,DE_Search_Möbelmontage_Nürnberg,,[kostenlos],Exact
743-891-1939,DE_Search_Möbelmontage_Nürnberg,,[gratis],Exact
743-891-1939,DE_Search_Möbelmontage_Nürnberg,,[free],Exact
743-891-1939,DE_Search_Möbelmontage_Nürnberg,,[job],Exact
743-891-1939,DE_Search_Möbelmontage_Nürnberg,,[jobs],Exact
743-891-1939,DE_Search_Möbelmontage_Nürnberg,,[arbeit],Exact
743-891-1939,DE_Search_Möbelmontage_Nürnberg,,[stellenangebot],Exact
743-891-1939,DE_Search_Möbelmontage_Nürnberg,,[ausbildung],Exact
743-891-1939,DE_Search_Möbelmontage_Nürnberg,,[praktikum],Exact
743-891-1939,DE_Search_Möbelmontage_Nürnberg,,[selber],Exact
743-891-1939,DE_Search_Möbelmontage_Nürnberg,,[selbst],Exact
743-891-1939,DE_Search_Möbelmontage_Nürnberg,,[diy],Exact
743-891-1939,DE_Search_Möbelmontage_Nürnberg,,[anleitung],Exact
743-891-1939,DE_Search_Möbelmontage_Nürnberg,,[tutorial],Exact
743-891-1939,DE_Search_Möbelmontage_Nürnberg,,[gebraucht],Exact
743-891-1939,DE_Search_Möbelmontage_Nürnberg,,[berlin],Exact
743-891-1939,DE_Search_Möbelmontage_Nürnberg,,[münchen],Exact
743-891-1939,DE_Search_Möbelmontage_Nürnberg,,[hamburg],Exact
743-891-1939,DE_Search_Möbelmontage_Nürnberg,,[köln],Exact
743-891-1939,DE_Search_Küchenmontage_Nürnberg,,[kostenlos],Exact
743-891-1939,DE_Search_Küchenmontage_Nürnberg,,[gratis],Exact
743-891-1939,DE_Search_Küchenmontage_Nürnberg,,[job],Exact
743-891-1939,DE_Search_Küchenmontage_Nürnberg,,[selber],Exact
743-891-1939,DE_Search_Küchenmontage_Nürnberg,,[diy],Exact
743-891-1939,DE_Search_Küchenmontage_Nürnberg,,[anleitung],Exact
743-891-1939,DE_Search_Küchenmontage_Nürnberg,,[berlin],Exact
743-891-1939,DE_Search_Küchenmontage_Nürnberg,,[münchen],Exact
743-891-1939,DE_Search_IKEA_Montage_Nürnberg,,[kostenlos],Exact
743-891-1939,DE_Search_IKEA_Montage_Nürnberg,,[gratis],Exact
743-891-1939,DE_Search_IKEA_Montage_Nürnberg,,[job],Exact
743-891-1939,DE_Search_IKEA_Montage_Nürnberg,,[selber],Exact
743-891-1939,DE_Search_IKEA_Montage_Nürnberg,,[diy],Exact
743-891-1939,DE_Search_IKEA_Montage_Nürnberg,,[anleitung],Exact
743-891-1939,DE_Search_IKEA_Montage_Nürnberg,,[berlin],Exact
743-891-1939,DE_Search_IKEA_Montage_Nürnberg,,[münchen],Exact
