Account,Campaign,Sitelink text,Description line 1,Description line 2,Final URL
743-891-1939,DE_Search_Möbelmontage_Nürnberg,Küchenmontage,IKEA METOD & mehr,Komplett-Service,https://mobelmontage-nurnberg.de/service/kuechenmontage
743-891-1939,DE_Search_Möbelmontage_Nürnberg,IKEA Montage,PAX BESTA KALLAX,Spezialist seit 12 Jahren,https://mobelmontage-nurnberg.de/service/ikea-montage
743-891-1939,DE_Search_Möbelmontage_Nürnberg,Kostenlos anfragen,Angebot in 5 Minuten,Unverbindlich & gratis,https://mobelmontage-nurnberg.de/kontakt
743-891-1939,DE_Search_Möbelmontage_Nürnberg,Unsere Arbeiten,Bilder & Referenzen,Echte Kundenprojekte,https://mobelmontage-nurnberg.de/arbeiten
743-891-1939,DE_Search_Möbelmontage_Nürnberg,Schrank Montage,PAX & alle Schränke,Schnell & sauber,https://mobelmontage-nurnberg.de/service/schrank-montage
743-891-1939,DE_Search_Möbelmontage_Nürnberg,Lieferung & Aufbau,Abholung vom Möbelhaus,Alles aus einer Hand,https://mobelmontage-nurnberg.de/service/lieferungen
743-891-1939,DE_Search_Küchenmontage_Nürnberg,IKEA Küchen,METOD Spezialist,Komplettservice,https://mobelmontage-nurnberg.de/service/ikea-kuechenmontage
743-891-1939,DE_Search_Küchenmontage_Nürnberg,Kostenlos anfragen,Angebot in 5 Minuten,Unverbindlich & gratis,https://mobelmontage-nurnberg.de/kontakt
743-891-1939,DE_Search_Küchenmontage_Nürnberg,Unsere Arbeiten,Küchen Referenzen,Echte Projekte,https://mobelmontage-nurnberg.de/arbeiten
743-891-1939,DE_Search_Küchenmontage_Nürnberg,Alle Leistungen,Montage & Lieferung,Kompletter Service,https://mobelmontage-nurnberg.de/leistungen
743-891-1939,DE_Search_IKEA_Montage_Nürnberg,PAX Montage,Kleiderschrank Aufbau,PAX Spezialist,https://mobelmontage-nurnberg.de/service/pax-schrank-montage
743-891-1939,DE_Search_IKEA_Montage_Nürnberg,METOD Küchen,Küchenmontage Profi,Inkl. Anschlüsse,https://mobelmontage-nurnberg.de/service/metod-kuechenmontage
743-891-1939,DE_Search_IKEA_Montage_Nürnberg,Kostenlos anfragen,Angebot in 5 Minuten,Unverbindlich & gratis,https://mobelmontage-nurnberg.de/kontakt
743-891-1939,DE_Search_IKEA_Montage_Nürnberg,Unsere Arbeiten,IKEA Referenzen,Echte Projekte,https://mobelmontage-nurnberg.de/arbeiten
